{"is_source_file": false, "format": "", "description": "", "external_files": [], "external_methods": [], "published": [], "classes": [], "methods": [], "calls": [], "search-terms": [], "state": 2, "file_id": 15, "knowledge_revision": 35, "git_revision": "089e64a62b3742e35b3ff1785dbf7e49bb0d149a", "hash": "61ef14a9780590487a39b4e28c74e95a", "format-version": 4, "code-base-name": "recipe_frontend", "filename": "interfaces/recipe_backend_openapi.json", "revision_history": [{"35": "089e64a62b3742e35b3ff1785dbf7e49bb0d149a"}]}