{"is_source_file": false, "format": "", "description": "", "external_files": [], "external_methods": [], "published": [], "classes": [], "methods": [], "calls": [], "search-terms": [], "state": 2, "file_id": 14, "knowledge_revision": 34, "git_revision": "ddd411b71a63e0a37f312c9a790a9d77ab56686e", "hash": "61ef14a9780590487a39b4e28c74e95a", "format-version": 4, "code-base-name": "recipe_frontend", "filename": "interfaces/recipe_backend_openapi.runtime.json", "revision_history": [{"34": "ddd411b71a63e0a37f312c9a790a9d77ab56686e"}]}