{"is_source_file": false, "format": "", "description": "", "external_files": [], "external_methods": [], "published": [], "classes": [], "methods": [], "calls": [], "search-terms": [], "state": 2, "file_id": 1, "knowledge_revision": 14, "git_revision": "fcd2ff268b709951b4c7741b84d48686924069ef", "hash": "d9d975cebe2ec20b6c652e1e4c12ccf0", "format-version": 4, "code-base-name": "recipe_frontend", "filename": "recipe_frontend/public/manifest.json", "revision_history": [{"14": "fcd2ff268b709951b4c7741b84d48686924069ef"}]}