{"is_source_file": true, "format": "JavaScript (React JSX)", "description": "Main React frontend component for the Colorful Recipe Manager application, handling UI rendering, state management, and API interactions.", "external_files": ["./apiConfig", "./App.css"], "external_methods": ["getApiBaseUrl"], "published": ["App"], "classes": [], "methods": [{"name": "linesToList(text)", "description": "Parse textarea lines into a list, dropping empty lines.", "scope": "", "scopeKind": ""}, {"name": "listToLines(list)", "description": "Convert list into textarea lines.", "scope": "", "scopeKind": ""}, {"name": "isValidHexColor(value)", "description": "Validate hex color string.", "scope": "", "scopeKind": ""}, {"name": "getInitialTheme()", "description": "Determine initial theme based on local storage and OS preferences.", "scope": "", "scopeKind": ""}, {"name": "loadRecipes()", "description": "Fetch the list of recipes from the API.", "scope": "App", "scopeKind": "function"}, {"name": "resetForm()", "description": "Reset form fields to default states for new recipe entry.", "scope": "App", "scopeKind": "function"}, {"name": "startEdit(recipe)", "description": "Populate form fields with selected recipe data for editing.", "scope": "App", "scopeKind": "function"}, {"name": "validateForm()", "description": "Validate form input fields before submission.", "scope": "App", "scopeKind": "function"}, {"name": "submitForm(e)", "description": "Handle submission of the recipe form to create or update a recipe.", "scope": "App", "scopeKind": "function"}, {"name": "deleteRecipe(id)", "description": "Delete specified recipe after user confirmation.", "scope": "App", "scopeKind": "function"}, {"name": "toggleTheme()", "description": "Toggle between light and dark themes.", "scope": "App", "scopeKind": "function"}, {"name": "App()", "scope": "", "scopeKind": "", "description": "unavailable"}, {"name": "apiFetch(path, options = {})", "scope": "App", "scopeKind": "function", "description": "unavailable"}], "calls": ["getApiBaseUrl", "fetch", "setItems (localStorage)", "window.localStorage.getItem", "window.localStorage.setItem", "window.matchMedia", "window.scrollTo", "window.confirm"], "search-terms": ["React component", "recipe management", "API fetch", "theme toggle", "recipe form", "state management", "useEffect", "useMemo", "useState"], "state": 2, "file_id": 6, "knowledge_revision": 38, "git_revision": "3e7f2e248d6db545b5dd952187237cf83783ba2e", "revision_history": [{"23": "fcd2ff268b709951b4c7741b84d48686924069ef"}, {"27": "fcd2ff268b709951b4c7741b84d48686924069ef"}, {"30": "089e64a62b3742e35b3ff1785dbf7e49bb0d149a"}, {"38": "3e7f2e248d6db545b5dd952187237cf83783ba2e"}], "ctags": [{"_type": "tag", "name": "120", "path": "/home/kavia/workspace/code-generation/colorful-recipe-manager-203706-203715/recipe_frontend/src/App.js", "pattern": "/^                  maxLength={120}$/", "language": "JavaScript", "kind": "field", "scope": "App.maxLength", "scopeKind": "class"}, {"_type": "tag", "name": "2 eggsn1 tbsp olive oilnSalt", "path": "/home/kavia/workspace/code-generation/colorful-recipe-manager-203706-203715/recipe_frontend/src/App.js", "pattern": "/^                  placeholder={'2 eggs\\\\n1 tbsp olive oil\\\\nSalt'}$/", "language": "JavaScript", "kind": "field", "scope": "placeholder", "scopeKind": "class"}, {"_type": "tag", "name": "500", "path": "/home/kavia/workspace/code-generation/colorful-recipe-manager-203706-203715/recipe_frontend/src/App.js", "pattern": "/^                  maxLength={500}$/", "language": "JavaScript", "kind": "field", "scope": "maxLength", "scopeKind": "class"}, {"_type": "tag", "name": "App", "path": "/home/kavia/workspace/code-generation/colorful-recipe-manager-203706-203715/recipe_frontend/src/App.js", "pattern": "/^function App() {$/", "language": "JavaScript", "kind": "function", "signature": "()"}, {"_type": "tag", "name": "Boil waternCook pastanToss with sauce", "path": "/home/kavia/workspace/code-generation/colorful-recipe-manager-203706-203715/recipe_frontend/src/App.js", "pattern": "/^                  placeholder={'Boil water\\\\nCook pasta\\\\nToss with sauce'}$/", "language": "JavaScript", "kind": "field", "scope": "placeholder", "scopeKind": "class"}, {"_type": "tag", "name": "DEFAULT_COLORS", "path": "/home/kavia/workspace/code-generation/colorful-recipe-manager-203706-203715/recipe_frontend/src/App.js", "pattern": "/^const DEFAULT_COLORS = ['#3b82f6', '#06b6d4', '#a855f7', '#f59e0b', '#ef4444', '#10b981'];$/", "language": "JavaScript", "kind": "constant"}, {"_type": "tag", "name": "Switch to ${theme === 'dark' ? 'light' : 'dark'} theme", "path": "/home/kavia/workspace/code-generation/colorful-recipe-manager-203706-203715/recipe_frontend/src/App.js", "pattern": "/^              aria-label={`Switch to ${theme === 'dark' ? 'light' : 'dark'} theme`}$/", "language": "JavaScript", "kind": "field", "scope": "App.aria", "scopeKind": "class"}, {"_type": "tag", "name": "THEME_STORAGE_KEY", "path": "/home/kavia/workspace/code-generation/colorful-recipe-manager-203706-203715/recipe_frontend/src/App.js", "pattern": "/^const THEME_STORAGE_KEY = 'crm.theme';$/", "language": "JavaScript", "kind": "constant"}, {"_type": "tag", "name": "apiFetch", "path": "/home/kavia/workspace/code-generation/colorful-recipe-manager-203706-203715/recipe_frontend/src/App.js", "pattern": "/^  async function apiFetch(path, options = {}) {$/", "language": "JavaScript", "kind": "function", "signature": "(path, options = {})", "scope": "App", "scopeKind": "function"}, {"_type": "tag", "name": "color", "path": "/home/kavia/workspace/code-generation/colorful-recipe-manager-203706-203715/recipe_frontend/src/App.js", "pattern": "/^                    value={color}$/", "language": "JavaScript", "kind": "field", "scope": "App.value", "scopeKind": "class"}, {"_type": "tag", "name": "color", "path": "/home/kavia/workspace/code-generation/colorful-recipe-manager-203706-203715/recipe_frontend/src/App.js", "pattern": "/^      color,$/", "language": "JavaScript", "kind": "field", "scope": "App.submitForm.payload", "scopeKind": "class"}, {"_type": "tag", "name": "deleteRecipe", "path": "/home/kavia/workspace/code-generation/colorful-recipe-manager-203706-203715/recipe_frontend/src/App.js", "pattern": "/^  async function deleteRecipe(id) {$/", "language": "JavaScript", "kind": "function", "signature": "(id)", "scope": "App", "scopeKind": "function"}, {"_type": "tag", "name": "description", "path": "/home/kavia/workspace/code-generation/colorful-recipe-manager-203706-203715/recipe_frontend/src/App.js", "pattern": "/^                  value={description}$/", "language": "JavaScript", "kind": "field", "scope": "value", "scopeKind": "class"}, {"_type": "tag", "name": "description", "path": "/home/kavia/workspace/code-generation/colorful-recipe-manager-203706-203715/recipe_frontend/src/App.js", "pattern": "/^      description: description.trim(),$/", "language": "JavaScript", "kind": "property", "scope": "App.submitForm.payload", "scopeKind": "class"}, {"_type": "tag", "name": "getInitialTheme", "path": "/home/kavia/workspace/code-generation/colorful-recipe-manager-203706-203715/recipe_frontend/src/App.js", "pattern": "/^function getInitialTheme() {$/", "language": "JavaScript", "kind": "function", "signature": "()"}, {"_type": "tag", "name": "ingredients", "path": "/home/kavia/workspace/code-generation/colorful-recipe-manager-203706-203715/recipe_frontend/src/App.js", "pattern": "/^      ingredients: linesToList(ingredientsText),$/", "language": "JavaScript", "kind": "property", "scope": "App.submitForm.payload", "scopeKind": "class"}, {"_type": "tag", "name": "ingredientsText", "path": "/home/kavia/workspace/code-generation/colorful-recipe-manager-203706-203715/recipe_frontend/src/App.js", "pattern": "/^                  value={ingredientsText}$/", "language": "JavaScript", "kind": "field", "scope": "value", "scopeKind": "class"}, {"_type": "tag", "name": "isValidHexColor", "path": "/home/kavia/workspace/code-generation/colorful-recipe-manager-203706-203715/recipe_frontend/src/App.js", "pattern": "/^function isValidHexColor(value) {$/", "language": "JavaScript", "kind": "function", "signature": "(value)"}, {"_type": "tag", "name": "linesToList", "path": "/home/kavia/workspace/code-generation/colorful-recipe-manager-203706-203715/recipe_frontend/src/App.js", "pattern": "/^function linesToList(text) {$/", "language": "JavaScript", "kind": "function", "signature": "(text)"}, {"_type": "tag", "name": "listToLines", "path": "/home/kavia/workspace/code-generation/colorful-recipe-manager-203706-203715/recipe_frontend/src/App.js", "pattern": "/^function listToLines(list) {$/", "language": "JavaScript", "kind": "function", "signature": "(list)"}, {"_type": "tag", "name": "loadRecipes", "path": "/home/kavia/workspace/code-generation/colorful-recipe-manager-203706-203715/recipe_frontend/src/App.js", "pattern": "/^  async function loadRecipes() {$/", "language": "JavaScript", "kind": "function", "signature": "()", "scope": "App", "scopeKind": "function"}, {"_type": "tag", "name": "payload", "path": "/home/kavia/workspace/code-generation/colorful-recipe-manager-203706-203715/recipe_frontend/src/App.js", "pattern": "/^    const payload = {$/", "language": "JavaScript", "kind": "class", "scope": "App.submitForm", "scopeKind": "class"}, {"_type": "tag", "name": "resetForm", "path": "/home/kavia/workspace/code-generation/colorful-recipe-manager-203706-203715/recipe_frontend/src/App.js", "pattern": "/^  function resetForm() {$/", "language": "JavaScript", "kind": "function", "signature": "()", "scope": "App", "scopeKind": "function"}, {"_type": "tag", "name": "startEdit", "path": "/home/kavia/workspace/code-generation/colorful-recipe-manager-203706-203715/recipe_frontend/src/App.js", "pattern": "/^  function startEdit(recipe) {$/", "language": "JavaScript", "kind": "function", "signature": "(recipe)", "scope": "App", "scopeKind": "function"}, {"_type": "tag", "name": "steps", "path": "/home/kavia/workspace/code-generation/colorful-recipe-manager-203706-203715/recipe_frontend/src/App.js", "pattern": "/^      steps: linesToList(stepsText),$/", "language": "JavaScript", "kind": "property", "scope": "App.submitForm.payload", "scopeKind": "class"}, {"_type": "tag", "name": "stepsText", "path": "/home/kavia/workspace/code-generation/colorful-recipe-manager-203706-203715/recipe_frontend/src/App.js", "pattern": "/^                  value={stepsText}$/", "language": "JavaScript", "kind": "field", "scope": "value", "scopeKind": "class"}, {"_type": "tag", "name": "submitForm", "path": "/home/kavia/workspace/code-generation/colorful-recipe-manager-203706-203715/recipe_frontend/src/App.js", "pattern": "/^  async function submitForm(e) {$/", "language": "JavaScript", "kind": "function", "signature": "(e)", "scope": "App", "scopeKind": "function"}, {"_type": "tag", "name": "title", "path": "/home/kavia/workspace/code-generation/colorful-recipe-manager-203706-203715/recipe_frontend/src/App.js", "pattern": "/^                  value={title}$/", "language": "JavaScript", "kind": "field", "scope": "App.value", "scopeKind": "class"}, {"_type": "tag", "name": "title", "path": "/home/kavia/workspace/code-generation/colorful-recipe-manager-203706-203715/recipe_frontend/src/App.js", "pattern": "/^      title: title.trim(),$/", "language": "JavaScript", "kind": "property", "scope": "App.submitForm.payload", "scopeKind": "class"}, {"_type": "tag", "name": "toggleTheme", "path": "/home/kavia/workspace/code-generation/colorful-recipe-manager-203706-203715/recipe_frontend/src/App.js", "pattern": "/^              onClick={toggleTheme}$/", "language": "JavaScript", "kind": "field", "scope": "App.onClick", "scopeKind": "class"}, {"_type": "tag", "name": "toggleTheme", "path": "/home/kavia/workspace/code-generation/colorful-recipe-manager-203706-203715/recipe_frontend/src/App.js", "pattern": "/^  function toggleTheme() {$/", "language": "JavaScript", "kind": "function", "signature": "()", "scope": "App", "scopeKind": "function"}, {"_type": "tag", "name": "validateForm", "path": "/home/kavia/workspace/code-generation/colorful-recipe-manager-203706-203715/recipe_frontend/src/App.js", "pattern": "/^  function validateForm() {$/", "language": "JavaScript", "kind": "function", "signature": "()", "scope": "App", "scopeKind": "function"}], "hash": "f4535456bf11ac447e063dc627618245", "format-version": 4, "code-base-name": "recipe_frontend", "filename": "recipe_frontend/src/App.js", "fields": [{"name": "maxLength={120}", "scope": "App.maxLength", "scopeKind": "class", "description": "unavailable"}, {"name": "placeholder={'2 eggs\\\\n1 tbsp olive oil\\\\nSalt'}", "scope": "placeholder", "scopeKind": "class", "description": "unavailable"}, {"name": "maxLength={500}", "scope": "maxLength", "scopeKind": "class", "description": "unavailable"}, {"name": "placeholder={'Boil water\\\\nCook pasta\\\\nToss with sauce'}", "scope": "placeholder", "scopeKind": "class", "description": "unavailable"}, {"name": "aria-label={`Switch to ${theme === 'dark' ? 'light' : 'dark'} theme`}", "scope": "App.aria", "scopeKind": "class", "description": "unavailable"}, {"name": "value={color}", "scope": "App.value", "scopeKind": "class", "description": "unavailable"}, {"name": "color,", "scope": "App.submitForm.payload", "scopeKind": "class", "description": "unavailable"}, {"name": "value={description}", "scope": "value", "scopeKind": "class", "description": "unavailable"}, {"name": "description: description.trim(),", "scope": "App.submitForm.payload", "scopeKind": "class", "description": "unavailable"}, {"name": "ingredients: linesToList(ingredientsText),", "scope": "App.submitForm.payload", "scopeKind": "class", "description": "unavailable"}, {"name": "value={ingredientsText}", "scope": "value", "scopeKind": "class", "description": "unavailable"}, {"name": "steps: linesToList(stepsText),", "scope": "App.submitForm.payload", "scopeKind": "class", "description": "unavailable"}, {"name": "value={stepsText}", "scope": "value", "scopeKind": "class", "description": "unavailable"}, {"name": "value={title}", "scope": "App.value", "scopeKind": "class", "description": "unavailable"}, {"name": "title: title.trim(),", "scope": "App.submitForm.payload", "scopeKind": "class", "description": "unavailable"}, {"name": "onClick={toggleTheme}", "scope": "App.onClick", "scopeKind": "class", "description": "unavailable"}]}