{"is_source_file": false, "format": "", "description": "", "external_files": [], "external_methods": [], "published": [], "classes": [], "methods": [], "calls": [], "search-terms": [], "state": 2, "file_id": 9, "knowledge_revision": 36, "git_revision": "089e64a62b3742e35b3ff1785dbf7e49bb0d149a", "revision_history": [{"26": "fcd2ff268b709951b4c7741b84d48686924069ef"}, {"36": "089e64a62b3742e35b3ff1785dbf7e49bb0d149a"}], "hash": "69dbafeb98fef9e2867b9fd59e7e12ee", "format-version": 4, "code-base-name": "recipe_frontend", "filename": "recipe_frontend/src/App.css"}