{"is_source_file": false, "format": "", "description": "", "external_files": [], "external_methods": [], "published": [], "classes": [], "methods": [], "calls": [], "search-terms": [], "state": 2, "file_id": 4, "knowledge_revision": 20, "git_revision": "fcd2ff268b709951b4c7741b84d48686924069ef", "ctags": [], "hash": "1a77571e1a8cf36018a41bcedf60db75", "format-version": 4, "code-base-name": "recipe_frontend", "filename": "recipe_frontend/src/setupTests.js", "revision_history": [{"20": "fcd2ff268b709951b4c7741b84d48686924069ef"}]}