{"is_source_file": true, "format": "JavaScript module (.mjs)", "description": "ESLint configuration file exporting an array of configuration objects for linting JavaScript and JSX files, primarily with React support.", "external_files": ["@eslint/js", "eslint-plugin-react"], "external_methods": [], "published": [], "classes": [], "methods": [{"name": "default export", "description": "An array of ESLint configuration objects specifying rules, plugins, and parser options."}], "calls": [], "search-terms": ["eslint", "eslint.config", "react", "pluginReact", "parserOptions", "rules", "jsx", "eslint-plugin-react", "ecmaVersion", "sourceType"], "state": 2, "file_id": 10, "knowledge_revision": 21, "git_revision": "fcd2ff268b709951b4c7741b84d48686924069ef", "hash": "be6538e7523bc2e9da0743133d784136", "format-version": 4, "code-base-name": "recipe_frontend", "filename": "recipe_frontend/eslint.config.mjs", "revision_history": [{"21": "fcd2ff268b709951b4c7741b84d48686924069ef"}]}