{"is_source_file": true, "format": "JavaScript (React JSX)", "description": "This file defines a React functional component named 'App' that manages a theme toggle between light and dark modes. It includes state management with useState, side effects with useEffect to apply the theme, and renders UI elements such as a button, logo image, and links.", "external_files": ["./logo.svg", "./App.css"], "external_methods": ["document.documentElement.setAttribute"], "published": ["App"], "classes": [], "methods": [{"name": "App()", "description": "React functional component that manages theme state and renders the application UI.", "scope": "", "scopeKind": ""}, {"name": "toggleTheme", "description": "Function that toggles between 'light' and 'dark' themes when invoked."}], "calls": ["useState", "useEffect", "setTheme", "document.documentElement.setAttribute", "prevTheme => prevTheme === 'light' ? 'dark' : 'light'", "React.createElement", "Array.prototype.map", "document.querySelector", "setAttribute"], "search-terms": ["React useState", "React useEffect", "theme toggle", "App component", "dark mode", "light mode", "React JSX", "App.css", "logo.svg"], "state": 3, "file_id": 6, "knowledge_revision": 23, "git_revision": "fcd2ff268b709951b4c7741b84d48686924069ef", "ctags": [{"_type": "tag", "name": "App", "path": "/home/kavia/workspace/code-generation/colorful-recipe-manager-203706-203715/recipe_frontend/src/App.js", "pattern": "/^function App() {$/", "language": "JavaScript", "kind": "function", "signature": "()"}, {"_type": "tag", "name": "Switch to ${theme === 'light' ? 'dark' : 'light'} mode", "path": "/home/kavia/workspace/code-generation/colorful-recipe-manager-203706-203715/recipe_frontend/src/App.js", "pattern": "/^          aria-label={`Switch to ${theme === 'light' ? 'dark' : 'light'} mode`}$/", "language": "JavaScript", "kind": "field", "scope": "App.aria", "scopeKind": "class"}, {"_type": "tag", "name": "toggleTheme", "path": "/home/kavia/workspace/code-generation/colorful-recipe-manager-203706-203715/recipe_frontend/src/App.js", "pattern": "/^          onClick={toggleTheme}$/", "language": "JavaScript", "kind": "field", "scope": "App.onClick", "scopeKind": "class"}], "hash": "b55dd9e6a018e59207d8e277dffd9e11", "format-version": 4, "code-base-name": "recipe_frontend", "filename": "recipe_frontend/src/App.js", "fields": [{"name": "aria-label={`Switch to ${theme === 'light' ? 'dark' : 'light'} mode`}", "scope": "App.aria", "scopeKind": "class", "description": "unavailable"}, {"name": "onClick={toggleTheme}", "scope": "App.onClick", "scopeKind": "class", "description": "unavailable"}], "revision_history": [{"23": "fcd2ff268b709951b4c7741b84d48686924069ef"}]}