{"is_source_file": true, "format": "JavaScript", "description": "This file contains helper functions for configuring API endpoints in a React frontend project. It specifically provides a method to resolve and normalize the backend API base URL based on environment variables with specific preference order.", "external_files": ["process.env"], "external_methods": ["process.env.REACT_APP_API_BASE", "process.env.REACT_APP_BACKEND_URL", "process.env.REACT_APP_API_BASE_URL"], "published": ["getApiBaseUrl"], "classes": [], "methods": [{"name": "getApiBaseUrl()", "description": "Resolves and returns the backend API base URL by checking environment variables in a precedence order, defaulting to 'http://localhost:3001', and normalizes the URL by removing any trailing slash.", "scope": "", "scopeKind": ""}], "calls": ["String(raw).trim().replace(/\\/$/, '')"], "search-terms": ["API configuration", "React environment variables", "base URL resolution", "getApiBaseUrl", "environment variable fallback"], "state": 2, "file_id": 13, "knowledge_revision": 31, "git_revision": "", "ctags": [{"_type": "tag", "name": "getApiBaseUrl", "path": "/home/kavia/workspace/code-generation/colorful-recipe-manager-203706-203715/recipe_frontend/src/apiConfig.js", "pattern": "/^export function getApiBaseUrl() {$/", "language": "JavaScript", "kind": "function", "signature": "()"}], "hash": "6513fae973b5097cce3d441c0865d2b7", "format-version": 4, "code-base-name": "recipe_frontend", "filename": "recipe_frontend/src/apiConfig.js", "revision_history": [{"31": ""}]}