{"is_source_file": false, "format": null, "description": null, "external_files": [], "external_methods": [], "published": [], "classes": [], "methods": [], "calls": [], "search-terms": ["CSS", "styles", "index.css", "body styling", "font-family"], "state": 2, "file_id": 7, "knowledge_revision": 37, "git_revision": "3e7f2e248d6db545b5dd952187237cf83783ba2e", "revision_history": [{"17": "fcd2ff268b709951b4c7741b84d48686924069ef"}, {"37": "3e7f2e248d6db545b5dd952187237cf83783ba2e"}], "hash": "0426092a137f61e281fcada7c06d5142", "format-version": 4, "code-base-name": "recipe_frontend", "filename": "recipe_frontend/src/index.css"}