{"is_source_file": false, "format": "", "description": "", "external_files": [], "external_methods": [], "published": [], "classes": [], "methods": [], "calls": [], "search-terms": [], "state": 2, "file_id": 2, "knowledge_revision": 15, "git_revision": "fcd2ff268b709951b4c7741b84d48686924069ef", "hash": "d2b40d02d5f7873d8a6713bad837edd4", "format-version": 4, "code-base-name": "recipe_frontend", "filename": "recipe_frontend/public/index.html", "revision_history": [{"15": "fcd2ff268b709951b4c7741b84d48686924069ef"}]}