{"is_source_file": false, "format": "", "description": "", "external_files": [], "external_methods": [], "published": [], "classes": [], "methods": [], "calls": [], "search-terms": [], "state": 2, "file_id": 11, "knowledge_revision": 18, "git_revision": "fcd2ff268b709951b4c7741b84d48686924069ef", "hash": "d001d53c059625c4bcf75bf5a7f3fcf0", "format-version": 4, "code-base-name": "recipe_frontend", "filename": "recipe_frontend/package.json", "revision_history": [{"18": "fcd2ff268b709951b4c7741b84d48686924069ef"}]}