{"is_source_file": false, "format": "", "description": "", "external_files": [], "external_methods": [], "published": [], "classes": [], "methods": [], "calls": [], "search-terms": [], "state": 2, "file_id": 7, "knowledge_revision": 17, "git_revision": "fcd2ff268b709951b4c7741b84d48686924069ef", "hash": "6c2104b8d219ed99234ae2d6329f4357", "format-version": 4, "code-base-name": "recipe_frontend", "filename": "recipe_frontend/src/index.css", "revision_history": [{"17": "fcd2ff268b709951b4c7741b84d48686924069ef"}]}