{"is_source_file": true, "format": "JavaScript", "description": "This file is the entry point for the React application, initializing and rendering the root component into the DOM.", "external_files": ["react", "react-dom/client", "./index.css", "./App"], "external_methods": ["ReactDOM.createRoot", "root.render"], "published": ["React", "ReactDOM"], "classes": [], "methods": [{"name": "ReactDOM.createRoot", "description": "Creates a root for rendering React components into the DOM."}, {"name": "root.render", "description": "Renders the React element tree into the specified root."}], "calls": ["ReactDOM.createRoot", "root.render"], "search-terms": ["React entry point", "React DOM rendering", "index.js", "React StrictMode"], "state": 2, "file_id": 5, "knowledge_revision": 24, "git_revision": "fcd2ff268b709951b4c7741b84d48686924069ef", "ctags": [{"_type": "tag", "name": "root", "path": "/home/kavia/workspace/code-generation/colorful-recipe-manager-203706-203715/recipe_frontend/src/index.js", "pattern": "/^const root = ReactDOM.createRoot(document.getElementById('root'));$/", "language": "JavaScript", "kind": "constant"}], "hash": "9fc5841375336fc175b49f8767a11383", "format-version": 4, "code-base-name": "recipe_frontend", "filename": "recipe_frontend/src/index.js", "revision_history": [{"24": "fcd2ff268b709951b4c7741b84d48686924069ef"}]}