{"is_source_file": false, "format": "", "description": "", "external_files": [], "external_methods": [], "published": [], "classes": [], "methods": [], "calls": [], "search-terms": [], "state": 2, "file_id": 9, "knowledge_revision": 26, "git_revision": "fcd2ff268b709951b4c7741b84d48686924069ef", "hash": "31297f01209e17a4d4fb774a9ec675f2", "format-version": 4, "code-base-name": "recipe_frontend", "filename": "recipe_frontend/src/App.css", "revision_history": [{"26": "fcd2ff268b709951b4c7741b84d48686924069ef"}]}