{"is_source_file": false, "format": "", "description": "", "external_files": [], "external_methods": [], "published": [], "classes": [], "methods": [], "calls": [], "search-terms": [], "state": 2, "file_id": 3, "knowledge_revision": 16, "git_revision": "fcd2ff268b709951b4c7741b84d48686924069ef", "hash": "ebece526bc2eadd78ddd787a76c56607", "format-version": 4, "code-base-name": "recipe_frontend", "filename": "recipe_frontend/README.md", "revision_history": [{"16": "fcd2ff268b709951b4c7741b84d48686924069ef"}]}