{"is_source_file": true, "file_id": 13, "git_revision": "", "state": 3, "description": "", "external_files": [], "external_methods": [], "published": [], "classes": [], "methods": [], "calls": [], "search-terms": [], "ctags": [{"_type": "tag", "name": "getApiBaseUrl", "path": "/home/kavia/workspace/code-generation/colorful-recipe-manager-203706-203715/recipe_frontend/src/apiConfig.js", "pattern": "/^export function getApiBaseUrl() {$/", "language": "JavaScript", "kind": "function", "signature": "()"}], "format": "JavaScript", "hash": "6513fae973b5097cce3d441c0865d2b7", "format-version": 4, "code-base-name": "recipe_frontend", "filename": "recipe_frontend/src/apiConfig.js", "knowledge_revision": 29}